word,colour,congruent,corrAns,n,imgBlue.started_mean,imgBlue.started_raw,,,,,,imgBlue.started_std,imgBlue.stopped_raw,,,,,,imgGreen.started_mean,imgGreen.started_raw,,,,,,imgGreen.started_std,imgGreen.stopped_raw,,,,,,imgRed.started_mean,imgRed.started_raw,,,,,,imgRed.started_std,imgRed.stopped_raw,,,,,,imgYellow.started_mean,imgYellow.started_raw,,,,,,imgYellow.started_std,imgYellow.stopped_raw,,,,,,mouse.clicked_name_raw,,,,,,mouse.leftButton_mean,mouse.leftButton_raw,,,,,,mouse.leftButton_std,mouse.midButton_mean,mouse.midButton_raw,,,,,,mouse.midButton_std,mouse.rightButton_mean,mouse.rightButton_raw,,,,,,mouse.rightButton_std,mouse.started_mean,mouse.started_raw,,,,,,mouse.stopped_raw,,,,,,mouse.time_mean,mouse.time_raw,,,,,,mouse.time_std,mouse.x_mean,mouse.x_raw,,,,,,mouse.y_mean,mouse.y_raw,,,,,,targetTxt.started_mean,targetTxt.started_raw,,,,,,targetTxt.started_std,targetTxt.stopped_raw,,,,,,order,,,,,
قرمز,red,1,imgRed,6.0,70.20121256510417,41.68110275268555, 54.029083251953125, 59.944793701171875, 78.02471160888672, 89.58956909179688, 97.93800354003906,21.847533672373938,, , , , , ,70.20121256510417,41.68110275268555, 54.029083251953125, 59.944793701171875, 78.02471160888672, 89.58956909179688, 97.93800354003906,21.847533672373938,, , , , , ,70.20121256510417,41.68110275268555, 54.029083251953125, 59.944793701171875, 78.02471160888672, 89.58956909179688, 97.93800354003906,21.847533672373938,, , , , , ,70.20121256510417,41.68110275268555, 54.029083251953125, 59.944793701171875, 78.02471160888672, 89.58956909179688, 97.93800354003906,21.847533672373938,, , , , , ,'imgRed', 'imgRed', 'imgRed', 'imgRed', 'imgRed', 'imgRed',1.0,1.0, 1.0, 1.0, 1.0, 1.0, 1.0,0.0,0.0,0.0, 0.0, 0.0, 0.0, 0.0, 0.0,0.0,0.0,0.0, 0.0, 0.0, 0.0, 0.0, 0.0,0.0,0.006373043332587258,0.00694295999892347, 0.007717659999798343, 0.006751159999112133, 0.0020635599985325825, 0.006811559999732708, 0.007951359999424312,, , , , , ,0.8077823321024576,0.658520519733429, 0.9086636900901794, 0.7582980990409851, 0.8360943794250488, 0.8247972726821899, 0.8603200912475586,0.08804103895949118,-0.21836419753086422,-0.25092592592592594, -0.20185185185185187, -0.24814814814814815, -0.22407407407407406, -0.17777777777777778, -0.2074074074074074,-0.16913580246913582,-0.16018518518518518, -0.17407407407407408, -0.14444444444444443, -0.19166666666666668, -0.17037037037037037, -0.17407407407407408,70.20121256510417,41.68110275268555, 54.029083251953125, 59.944793701171875, 78.02471160888672, 89.58956909179688, 97.93800354003906,21.847533672373938,, , , , , ,15.0, 31.0, 38.0, 63.0, 79.0, 89.0
قرمز,blue,0,imgBlue,6.0,66.2937520345052,38.48168182373047, 48.01377487182617, 58.07869338989258, 71.12602996826172, 85.45732116699219, 96.60504150390625,22.29135960067961,, , , , , ,66.2937520345052,38.48168182373047, 48.01377487182617, 58.07869338989258, 71.12602996826172, 85.45732116699219, 96.60504150390625,22.29135960067961,, , , , , ,66.2937520345052,38.48168182373047, 48.01377487182617, 58.07869338989258, 71.12602996826172, 85.45732116699219, 96.60504150390625,22.29135960067961,, , , , , ,66.2937520345052,38.48168182373047, 48.01377487182617, 58.07869338989258, 71.12602996826172, 85.45732116699219, 96.60504150390625,22.29135960067961,, , , , , ,'imgBlue', 'imgBlue', 'imgRed', 'imgBlue', 'imgBlue', 'imgBlue',1.0,1.0, 1.0, 1.0, 1.0, 1.0, 1.0,0.0,0.0,0.0, 0.0, 0.0, 0.0, 0.0, 0.0,0.0,0.0,0.0, 0.0, 0.0, 0.0, 0.0, 0.0,0.0,0.007100209999559108,0.0074760600000445265, 0.006745559999217221, 0.007441060000019206, 0.006630460000451421, 0.007672659999116149, 0.006635459998506121,, , , , , ,0.6504429578781128,0.6261903047561646, 0.6742627024650574, 0.6757470965385437, 0.7416607737541199, 0.6594322919845581, 0.5253645777702332,0.07189154342516897,-0.09938271604938272,-0.08796296296296297, -0.0712962962962963, -0.1824074074074074, -0.07407407407407407, -0.09166666666666666, -0.08888888888888889,-0.1742283950617284,-0.1712962962962963, -0.18055555555555555, -0.16018518518518518, -0.17685185185185184, -0.17222222222222222, -0.18425925925925926,66.2937520345052,38.48168182373047, 48.01377487182617, 58.07869338989258, 71.12602996826172, 85.45732116699219, 96.60504150390625,22.29135960067961,, , , , , ,10.0, 23.0, 36.0, 54.0, 73.0, 87.0
قرمز,green,0,imgGreen,6.0,67.72406514485677,40.38117980957031, 44.88050842285156, 57.4451904296875, 75.2591552734375, 87.35752868652344, 101.0208511352539,24.191085791085666,, , , , , ,67.72406514485677,40.38117980957031, 44.88050842285156, 57.4451904296875, 75.2591552734375, 87.35752868652344, 101.0208511352539,24.191085791085666,, , , , , ,67.72406514485677,40.38117980957031, 44.88050842285156, 57.4451904296875, 75.2591552734375, 87.35752868652344, 101.0208511352539,24.191085791085666,, , , , , ,67.72406514485677,40.38117980957031, 44.88050842285156, 57.4451904296875, 75.2591552734375, 87.35752868652344, 101.0208511352539,24.191085791085666,, , , , , ,'imgGreen', 'imgGreen', 'imgGreen', 'imgGreen', 'imgGreen', 'imgGreen',1.0,1.0, 1.0, 1.0, 1.0, 1.0, 1.0,0.0,0.0,0.0, 0.0, 0.0, 0.0, 0.0, 0.0,0.0,0.0,0.0, 0.0, 0.0, 0.0, 0.0, 0.0,0.0,0.009189509999638782,0.0067722599997068755, 0.008384560000195052, 0.00953315999959159, 0.008266559999356105, 0.014205559999027173, 0.0079749599999559,, , , , , ,0.5580702622731527,0.4910019040107727, 0.5433474779129028, 0.6115339994430542, 0.6275156140327454, 0.6482836008071899, 0.4267387092113495,0.08692798906174844,0.06759259259259258,0.05648148148148148, 0.06759259259259259, 0.08796296296296297, 0.07407407407407407, 0.06944444444444445, 0.05,-0.1625,-0.17685185185185184, -0.1398148148148148, -0.16111111111111112, -0.16111111111111112, -0.1574074074074074, -0.1787037037037037,67.72406514485677,40.38117980957031, 44.88050842285156, 57.4451904296875, 75.2591552734375, 87.35752868652344, 101.0208511352539,24.191085791085666,, , , , , ,13.0, 19.0, 35.0, 59.0, 76.0, 93.0
قرمز,yellow,0,imgYellow,6.0,66.04638163248698,35.399017333984375, 49.34648132324219, 65.91014099121094, 67.1101303100586, 78.89134979248047, 99.62114715576172,22.412299384576052,, , , , , ,66.04638163248698,35.399017333984375, 49.34648132324219, 65.91014099121094, 67.1101303100586, 78.89134979248047, 99.62114715576172,22.412299384576052,, , , , , ,66.04638163248698,35.399017333984375, 49.34648132324219, 65.91014099121094, 67.1101303100586, 78.89134979248047, 99.62114715576172,22.412299384576052,, , , , , ,66.04638163248698,35.399017333984375, 49.34648132324219, 65.91014099121094, 67.1101303100586, 78.89134979248047, 99.62114715576172,22.412299384576052,, , , , , ,'imgYellow', 'imgYellow', 'imgYellow', 'imgYellow', 'imgYellow', 'imgYellow',1.0,1.0, 1.0, 1.0, 1.0, 1.0, 1.0,0.0,0.0,0.0, 0.0, 0.0, 0.0, 0.0, 0.0,0.0,0.0,0.0, 0.0, 0.0, 0.0, 0.0, 0.0,0.0,0.007610143333143545,0.008188059999156394, 0.0069653599994126125, 0.008104059999823221, 0.007424860000355693, 0.007875260000218987, 0.007103259999894362,, , , , , ,0.6983997821807861,0.7100899815559387, 0.6589981913566589, 0.6926041841506958, 0.7603129744529724, 0.6929535865783691, 0.6754398941993713,0.0349651139206517,0.1759259259259259,0.1962962962962963, 0.1814814814814815, 0.15648148148148147, 0.20925925925925926, 0.14351851851851852, 0.1685185185185185,-0.17731481481481481,-0.19907407407407407, -0.15462962962962962, -0.1537037037037037, -0.18703703703703703, -0.18703703703703703, -0.1824074074074074,66.04638163248698,35.399017333984375, 49.34648132324219, 65.91014099121094, 67.1101303100586, 78.89134979248047, 99.62114715576172,22.412299384576052,, , , , , ,6.0, 25.0, 47.0, 49.0, 64.0, 91.0
آبی,red,0,imgRed,6.0,63.90784708658854,32.48247528076172, 51.41271209716797, 54.962318420410156, 72.70921325683594, 80.49118041992188, 91.38916778564453,21.593512233665457,, , , , , ,63.90784708658854,32.48247528076172, 51.41271209716797, 54.962318420410156, 72.70921325683594, 80.49118041992188, 91.38916778564453,21.593512233665457,, , , , , ,63.90784708658854,32.48247528076172, 51.41271209716797, 54.962318420410156, 72.70921325683594, 80.49118041992188, 91.38916778564453,21.593512233665457,, , , , , ,63.90784708658854,32.48247528076172, 51.41271209716797, 54.962318420410156, 72.70921325683594, 80.49118041992188, 91.38916778564453,21.593512233665457,, , , , , ,'imgRed', 'imgRed', 'imgRed', 'imgRed', 'imgRed', 'imgRed',1.0,1.0, 1.0, 1.0, 1.0, 1.0, 1.0,0.0,0.0,0.0, 0.0, 0.0, 0.0, 0.0, 0.0,0.0,0.0,0.0, 0.0, 0.0, 0.0, 0.0, 0.0,0.0,0.008374926665965177,0.008099859999674663, 0.008428259999163856, 0.008611859999291482, 0.008626659999208641, 0.00861235999946075, 0.007870559998991666,, , , , , ,0.8825896581013998,0.7777407169342041, 0.8595862984657288, 0.8598741292953491, 0.8601645827293396, 0.7774947285652161, 1.1606776714324951,0.14206985721499268,-0.21419753086419754,-0.22407407407407406, -0.19074074074074074, -0.19444444444444445, -0.23333333333333334, -0.2657407407407407, -0.17685185185185184,-0.1814814814814815,-0.16944444444444445, -0.1787037037037037, -0.18796296296296297, -0.18333333333333332, -0.18055555555555555, -0.18888888888888888,63.90784708658854,32.48247528076172, 51.41271209716797, 54.962318420410156, 72.70921325683594, 80.49118041992188, 91.38916778564453,21.593512233665457,, , , , , ,2.0, 28.0, 32.0, 56.0, 66.0, 81.0
آبی,blue,1,imgBlue,6.0,64.28837076822917,30.866226196289062, 43.9973258972168, 58.77836227416992, 70.34284973144531, 82.92412567138672, 98.8213119506836,25.04235830103527,, , , , , ,64.28837076822917,30.866226196289062, 43.9973258972168, 58.77836227416992, 70.34284973144531, 82.92412567138672, 98.8213119506836,25.04235830103527,, , , , , ,64.28837076822917,30.866226196289062, 43.9973258972168, 58.77836227416992, 70.34284973144531, 82.92412567138672, 98.8213119506836,25.04235830103527,, , , , , ,64.28837076822917,30.866226196289062, 43.9973258972168, 58.77836227416992, 70.34284973144531, 82.92412567138672, 98.8213119506836,25.04235830103527,, , , , , ,'imgBlue', 'imgBlue', 'imgBlue', 'imgBlue', 'imgBlue', 'imgBlue',1.0,1.0, 1.0, 1.0, 1.0, 1.0, 1.0,0.0,0.0,0.0, 0.0, 0.0, 0.0, 0.0, 0.0,0.0,0.0,0.0, 0.0, 0.0, 0.0, 0.0, 0.0,0.0,0.007411548333341973,0.006250990000808088, 0.008004459999938263, 0.007991459999175277, 0.00717765999979747, 0.007719160000306147, 0.007325560000026599,, , , , , ,0.8371793429056803,0.8750274181365967, 0.8588194847106934, 1.1431851387023926, 0.7589231133460999, 0.6113768219947815, 0.7757440209388733,0.1768759080807611,-0.07407407407407407,-0.07685185185185185, -0.05925925925925926, -0.053703703703703705, -0.05740740740740741, -0.12777777777777777, -0.06944444444444445,-0.1697530864197531,-0.1814814814814815, -0.14907407407407408, -0.15555555555555556, -0.19166666666666668, -0.1638888888888889, -0.17685185185185184,64.28837076822917,30.866226196289062, 43.9973258972168, 58.77836227416992, 70.34284973144531, 82.92412567138672, 98.8213119506836,25.04235830103527,, , , , , ,0.0, 18.0, 37.0, 53.0, 69.0, 90.0
آبی,green,0,imgGreen,6.0,64.82992553710938,33.28251266479492, 42.364253997802734, 64.9104232788086, 73.5925521850586, 82.25749206542969, 92.57231903076172,23.02214687713431,, , , , , ,64.82992553710938,33.28251266479492, 42.364253997802734, 64.9104232788086, 73.5925521850586, 82.25749206542969, 92.57231903076172,23.02214687713431,, , , , , ,64.82992553710938,33.28251266479492, 42.364253997802734, 64.9104232788086, 73.5925521850586, 82.25749206542969, 92.57231903076172,23.02214687713431,, , , , , ,64.82992553710938,33.28251266479492, 42.364253997802734, 64.9104232788086, 73.5925521850586, 82.25749206542969, 92.57231903076172,23.02214687713431,, , , , , ,'imgGreen', 'imgGreen', 'imgGreen', 'imgGreen', 'imgGreen', 'imgGreen',1.0,1.0, 1.0, 1.0, 1.0, 1.0, 1.0,0.0,0.0,0.0, 0.0, 0.0, 0.0, 0.0, 0.0,0.0,0.0,0.0, 0.0, 0.0, 0.0, 0.0, 0.0,0.0,0.008767081666064769,0.007241459999931976, 0.0077001599993309355, 0.007778659999530646, 0.008172659999218013, 0.008293059999232355, 0.013416489999144687,, , , , , ,0.6606799761454264,0.7083070874214172, 0.7603291869163513, 0.44197431206703186, 0.8106644749641418, 0.6429488062858582, 0.599855899810791,0.1315597103737972,0.04104938271604938,0.06574074074074074, 0.06666666666666667, 0.02962962962962963, 0.04259259259259259, 0.025, 0.016666666666666666,-0.18055555555555558,-0.21296296296296297, -0.15833333333333333, -0.19722222222222222, -0.15925925925925927, -0.15925925925925927, -0.1962962962962963,64.82992553710938,33.28251266479492, 42.364253997802734, 64.9104232788086, 73.5925521850586, 82.25749206542969, 92.57231903076172,23.02214687713431,, , , , , ,3.0, 16.0, 45.0, 57.0, 68.0, 82.0
آبی,yellow,0,imgYellow,6.0,67.66278076171875,37.76511001586914, 50.67949676513672, 63.49408721923828, 75.90848541259766, 83.55755615234375, 94.57196807861328,21.186885326307735,, , , , , ,67.66278076171875,37.76511001586914, 50.67949676513672, 63.49408721923828, 75.90848541259766, 83.55755615234375, 94.57196807861328,21.186885326307735,, , , , , ,67.66278076171875,37.76511001586914, 50.67949676513672, 63.49408721923828, 75.90848541259766, 83.55755615234375, 94.57196807861328,21.186885326307735,, , , , , ,67.66278076171875,37.76511001586914, 50.67949676513672, 63.49408721923828, 75.90848541259766, 83.55755615234375, 94.57196807861328,21.186885326307735,, , , , , ,'imgYellow', 'imgYellow', 'imgYellow', 'imgYellow', 'imgYellow', 'imgYellow',1.0,1.0, 1.0, 1.0, 1.0, 1.0, 1.0,0.0,0.0,0.0, 0.0, 0.0, 0.0, 0.0, 0.0,0.0,0.0,0.0, 0.0, 0.0, 0.0, 0.0, 0.0,0.0,0.007114909999472729,0.007396059999337012, 0.007566959999167011, 0.007495359999666107, 0.006454459999986284, 0.005452259999401576, 0.008324359999278386,, , , , , ,0.6703180472056071,0.6917424201965332, 0.7097554206848145, 0.62584388256073, 0.5589076280593872, 0.7590373158454895, 0.6766217947006226,0.06973577110875791,0.15046296296296294,0.17222222222222222, 0.18796296296296297, 0.14166666666666666, 0.1287037037037037, 0.16111111111111112, 0.1111111111111111,-0.16944444444444443,-0.16111111111111112, -0.14814814814814814, -0.19166666666666668, -0.15925925925925927, -0.17592592592592593, -0.18055555555555555,67.66278076171875,37.76511001586914, 50.67949676513672, 63.49408721923828, 75.90848541259766, 83.55755615234375, 94.57196807861328,21.186885326307735,, , , , , ,9.0, 27.0, 43.0, 60.0, 70.0, 85.0
سبز,red,0,imgRed,6.0,64.62738037109375,36.899234771728516, 43.14822769165039, 61.37769317626953, 67.8931655883789, 81.29088592529297, 97.15506744384766,22.747099691230567,, , , , , ,64.62738037109375,36.899234771728516, 43.14822769165039, 61.37769317626953, 67.8931655883789, 81.29088592529297, 97.15506744384766,22.747099691230567,, , , , , ,64.62738037109375,36.899234771728516, 43.14822769165039, 61.37769317626953, 67.8931655883789, 81.29088592529297, 97.15506744384766,22.747099691230567,, , , , , ,64.62738037109375,36.899234771728516, 43.14822769165039, 61.37769317626953, 67.8931655883789, 81.29088592529297, 97.15506744384766,22.747099691230567,, , , , , ,'imgRed', 'imgRed', 'imgRed', 'imgRed', 'imgRed', 'imgRed',1.0,1.0, 1.0, 1.0, 1.0, 1.0, 1.0,0.0,0.0,0.0, 0.0, 0.0, 0.0, 0.0, 0.0,0.0,0.0,0.0, 0.0, 0.0, 0.0, 0.0, 0.0,0.0,0.007643809999535733,0.0077482599999711965, 0.007251859999996668, 0.008539159999600088, 0.006626259999393369, 0.0075876599994444405, 0.008109659998808638,, , , , , ,0.8394837379455566,0.842658281326294, 0.8247522115707397, 0.677127480506897, 0.9911015033721924, 0.9423477053642273, 0.7589151859283447,0.11545292034827208,-0.21311728395061727,-0.22314814814814815, -0.2074074074074074, -0.2101851851851852, -0.21666666666666667, -0.2074074074074074, -0.21388888888888888,-0.18086419753086422,-0.18425925925925926, -0.16296296296296298, -0.19907407407407407, -0.19444444444444445, -0.1675925925925926, -0.17685185185185184,64.62738037109375,36.899234771728516, 43.14822769165039, 61.37769317626953, 67.8931655883789, 81.29088592529297, 97.15506744384766,22.747099691230567,, , , , , ,8.0, 17.0, 40.0, 50.0, 67.0, 88.0
سبز,blue,0,imgBlue,6.0,66.35482279459636,31.766414642333984, 52.97908020019531, 65.37702941894531, 69.7271499633789, 84.34040832519531, 93.93888092041016,22.234921580454042,, , , , , ,66.35482279459636,31.766414642333984, 52.97908020019531, 65.37702941894531, 69.7271499633789, 84.34040832519531, 93.93888092041016,22.234921580454042,, , , , , ,66.35482279459636,31.766414642333984, 52.97908020019531, 65.37702941894531, 69.7271499633789, 84.34040832519531, 93.93888092041016,22.234921580454042,, , , , , ,66.35482279459636,31.766414642333984, 52.97908020019531, 65.37702941894531, 69.7271499633789, 84.34040832519531, 93.93888092041016,22.234921580454042,, , , , , ,'imgBlue', 'imgBlue', 'imgBlue', 'imgBlue', 'imgBlue', 'imgBlue',1.0,1.0, 1.0, 1.0, 1.0, 1.0, 1.0,0.0,0.0,0.0, 0.0, 0.0, 0.0, 0.0, 0.0,0.0,0.0,0.0, 0.0, 0.0, 0.0, 0.0, 0.0,0.0,0.008847976666402246,0.0056019599996943725, 0.008192960000087623, 0.007182259999353846, 0.016585859999395325, 0.006446159999541123, 0.009078660000341188,, , , , , ,0.665648897488912,0.6907019019126892, 1.026235580444336, 0.5088353753089905, 0.584195613861084, 0.5737714171409607, 0.6101533770561218,0.1862239250423402,-0.08842592592592592,-0.08425925925925926, -0.08518518518518518, -0.08611111111111111, -0.05740740740740741, -0.09814814814814815, -0.11944444444444445,-0.1873456790123457,-0.16574074074074074, -0.1824074074074074, -0.1925925925925926, -0.2037037037037037, -0.1925925925925926, -0.18703703703703703,66.35482279459636,31.766414642333984, 52.97908020019531, 65.37702941894531, 69.7271499633789, 84.34040832519531, 93.93888092041016,22.234921580454042,, , , , , ,1.0, 30.0, 46.0, 52.0, 71.0, 84.0
سبز,green,1,imgGreen,6.0,67.00443522135417,33.998836517333984, 48.71317672729492, 62.077667236328125, 68.90966033935547, 86.8565902709961, 101.47068786621094,24.632796187724903,, , , , , ,67.00443522135417,33.998836517333984, 48.71317672729492, 62.077667236328125, 68.90966033935547, 86.8565902709961, 101.47068786621094,24.632796187724903,, , , , , ,67.00443522135417,33.998836517333984, 48.71317672729492, 62.077667236328125, 68.90966033935547, 86.8565902709961, 101.47068786621094,24.632796187724903,, , , , , ,67.00443522135417,33.998836517333984, 48.71317672729492, 62.077667236328125, 68.90966033935547, 86.8565902709961, 101.47068786621094,24.632796187724903,, , , , , ,'imgGreen', 'imgGreen', 'imgBlue', 'imgGreen', 'imgGreen', 'imgGreen',1.0,1.0, 1.0, 1.0, 1.0, 1.0, 1.0,0.0,0.0,0.0, 0.0, 0.0, 0.0, 0.0, 0.0,0.0,0.0,0.0, 0.0, 0.0, 0.0, 0.0, 0.0,0.0,0.008413593332837385,0.012564359999487351, 0.00914336000005278, 0.007788359999722161, 0.008034159999624535, 0.005091160000119999, 0.00786015999801748,, , , , , ,0.6408406893412272,0.4486478865146637, 0.6107540130615234, 0.7766082286834717, 0.8100181221961975, 0.49012720584869385, 0.7088884711265564,0.14982801125737058,0.024228395061728396,0.04722222222222222, 0.06944444444444445, -0.05555555555555555, 0.027777777777777776, 0.025, 0.03148148148148148,-0.18194444444444446,-0.2074074074074074, -0.15185185185185185, -0.20462962962962963, -0.18055555555555555, -0.175, -0.17222222222222222,67.00443522135417,33.998836517333984, 48.71317672729492, 62.077667236328125, 68.90966033935547, 86.8565902709961, 101.47068786621094,24.632796187724903,, , , , , ,4.0, 24.0, 41.0, 51.0, 75.0, 94.0
سبز,yellow,0,imgYellow,6.0,66.19359842936198,39.61487579345703, 47.297210693359375, 62.87738037109375, 71.8926773071289, 79.6078872680664, 95.87157440185547,20.821643410464986,, , , , , ,66.19359842936198,39.61487579345703, 47.297210693359375, 62.87738037109375, 71.8926773071289, 79.6078872680664, 95.87157440185547,20.821643410464986,, , , , , ,66.19359842936198,39.61487579345703, 47.297210693359375, 62.87738037109375, 71.8926773071289, 79.6078872680664, 95.87157440185547,20.821643410464986,, , , , , ,66.19359842936198,39.61487579345703, 47.297210693359375, 62.87738037109375, 71.8926773071289, 79.6078872680664, 95.87157440185547,20.821643410464986,, , , , , ,'imgYellow', 'imgYellow', 'imgGreen', 'imgYellow', 'imgYellow', 'imgYellow',1.0,1.0, 1.0, 1.0, 1.0, 1.0, 1.0,0.0,0.0,0.0, 0.0, 0.0, 0.0, 0.0, 0.0,0.0,0.0,0.0, 0.0, 0.0, 0.0, 0.0, 0.0,0.0,0.008425693332659042,0.0068320599993967335, 0.00798445999953401, 0.0067555599989646, 0.007745559999420948, 0.008264759999292437, 0.012971759999345522,, , , , , ,0.7295905749003092,0.7421320080757141, 0.693379282951355, 0.5920295119285583, 0.7923629879951477, 0.8590009808540344, 0.6986386179924011,0.09169192320800076,0.16280864197530864,0.21481481481481482, 0.1962962962962963, 0.04814814814814815, 0.18981481481481483, 0.17592592592592593, 0.15185185185185185,-0.18333333333333335,-0.18055555555555555, -0.1712962962962963, -0.19907407407407407, -0.1675925925925926, -0.1935185185185185, -0.18796296296296297,66.19359842936198,39.61487579345703, 47.297210693359375, 62.87738037109375, 71.8926773071289, 79.6078872680664, 95.87157440185547,20.821643410464986,, , , , , ,12.0, 22.0, 42.0, 55.0, 65.0, 86.0
زرد,red,0,imgRed,6.0,66.98802693684895,34.466209411621094, 46.14701461791992, 55.84580993652344, 74.42542266845703, 88.83963012695312, 102.20408630371094,26.03514418581534,, , , , , ,66.98802693684895,34.466209411621094, 46.14701461791992, 55.84580993652344, 74.42542266845703, 88.83963012695312, 102.20408630371094,26.03514418581534,, , , , , ,66.98802693684895,34.466209411621094, 46.14701461791992, 55.84580993652344, 74.42542266845703, 88.83963012695312, 102.20408630371094,26.03514418581534,, , , , , ,66.98802693684895,34.466209411621094, 46.14701461791992, 55.84580993652344, 74.42542266845703, 88.83963012695312, 102.20408630371094,26.03514418581534,, , , , , ,'imgRed', 'imgRed', 'imgRed', 'imgRed', 'imgRed', 'imgRed',1.0,1.0, 1.0, 1.0, 1.0, 1.0, 1.0,0.0,0.0,0.0, 0.0, 0.0, 0.0, 0.0, 0.0,0.0,0.0,0.0, 0.0, 0.0, 0.0, 0.0, 0.0,0.0,0.008210876665998512,0.013340159998733725, 0.006729160000759293, 0.008215859998927044, 0.005694359999324661, 0.006349759999466187, 0.008935959998780163,, , , , , ,0.8818489710489908,0.8977953195571899, 1.1247000694274902, 0.8430659174919128, 0.8066614270210266, 0.7250670194625854, 0.8938041925430298,0.13499017867887295,-0.2111111111111111,-0.21388888888888888, -0.21574074074074073, -0.1925925925925926, -0.23148148148148148, -0.1787037037037037, -0.23425925925925925,-0.1796296296296296,-0.18333333333333332, -0.17222222222222222, -0.1935185185185185, -0.17777777777777778, -0.17962962962962964, -0.1712962962962963,66.98802693684895,34.466209411621094, 46.14701461791992, 55.84580993652344, 74.42542266845703, 88.83963012695312, 102.20408630371094,26.03514418581534,, , , , , ,5.0, 21.0, 33.0, 58.0, 78.0, 95.0
زرد,blue,0,imgBlue,6.0,67.24331665039062,40.89783477783203, 50.029563903808594, 56.711769104003906, 77.34163665771484, 88.03976440429688, 90.43932342529297,20.85106342080504,, , , , , ,67.24331665039062,40.89783477783203, 50.029563903808594, 56.711769104003906, 77.34163665771484, 88.03976440429688, 90.43932342529297,20.85106342080504,, , , , , ,67.24331665039062,40.89783477783203, 50.029563903808594, 56.711769104003906, 77.34163665771484, 88.03976440429688, 90.43932342529297,20.85106342080504,, , , , , ,67.24331665039062,40.89783477783203, 50.029563903808594, 56.711769104003906, 77.34163665771484, 88.03976440429688, 90.43932342529297,20.85106342080504,, , , , , ,'imgBlue', 'imgBlue', 'imgBlue', 'imgBlue', 'imgBlue', 'imgBlue',1.0,1.0, 1.0, 1.0, 1.0, 1.0, 1.0,0.0,0.0,0.0, 0.0, 0.0, 0.0, 0.0, 0.0,0.0,0.0,0.0, 0.0, 0.0, 0.0, 0.0, 0.0,0.0,0.0076952599994607835,0.008171059998858254, 0.007542660000581236, 0.008417859999099164, 0.006780359999538632, 0.007609059999595047, 0.007650559999092366,, , , , , ,0.7427493731180826,0.7592644095420837, 0.62574702501297, 0.7098370790481567, 0.6579946875572205, 0.7763190269470215, 0.9273340106010437,0.10717022139435273,-0.09444444444444444,-0.09074074074074075, -0.10462962962962963, -0.125, -0.09814814814814815, -0.07592592592592592, -0.07222222222222222,-0.1845679012345679,-0.19722222222222222, -0.15462962962962962, -0.18518518518518517, -0.2, -0.18888888888888888, -0.1814814814814815,67.24331665039062,40.89783477783203, 50.029563903808594, 56.711769104003906, 77.34163665771484, 88.03976440429688, 90.43932342529297,20.85106342080504,, , , , , ,14.0, 26.0, 34.0, 62.0, 77.0, 80.0
زرد,green,0,imgGreen,6.0,66.15207417805989,39.13193130493164, 52.279239654541016, 60.72865676879883, 66.62674713134766, 84.94027709960938, 93.20559692382812,20.184509364292108,, , , , , ,66.15207417805989,39.13193130493164, 52.279239654541016, 60.72865676879883, 66.62674713134766, 84.94027709960938, 93.20559692382812,20.184509364292108,, , , , , ,66.15207417805989,39.13193130493164, 52.279239654541016, 60.72865676879883, 66.62674713134766, 84.94027709960938, 93.20559692382812,20.184509364292108,, , , , , ,66.15207417805989,39.13193130493164, 52.279239654541016, 60.72865676879883, 66.62674713134766, 84.94027709960938, 93.20559692382812,20.184509364292108,, , , , , ,'imgGreen', 'imgGreen', 'imgGreen', 'imgGreen', 'imgGreen', 'imgGreen',1.0,1.0, 1.0, 1.0, 1.0, 1.0, 1.0,0.0,0.0,0.0, 0.0, 0.0, 0.0, 0.0, 0.0,0.0,0.0,0.0, 0.0, 0.0, 0.0, 0.0, 0.0,0.0,0.009584343333093178,0.007468459999472543, 0.01502046000041446, 0.012111860000004526, 0.007064759999593662, 0.0092670599997291, 0.006573459999344777,, , , , , ,0.5694542725880941,0.4595930874347687, 0.6667224168777466, 0.6291056275367737, 0.4591239094734192, 0.49421119689941406, 0.7079694867134094,0.1114536944675677,0.036265432098765434,0.049074074074074076, 0.016666666666666666, 0.04259259259259259, 0.022222222222222223, 0.024074074074074074, 0.06296296296296296,-0.17484567901234568,-0.15833333333333333, -0.1824074074074074, -0.16111111111111112, -0.1648148148148148, -0.17407407407407408, -0.20833333333333334,66.15207417805989,39.13193130493164, 52.279239654541016, 60.72865676879883, 66.62674713134766, 84.94027709960938, 93.20559692382812,20.184509364292108,, , , , , ,11.0, 29.0, 39.0, 48.0, 72.0, 83.0
زرد,yellow,1,imgYellow,6.0,68.11276245117188,36.13196563720703, 45.44785690307617, 64.14385223388672, 76.49166870117188, 86.14010620117188, 100.32112121582031,24.432728556640303,, , , , , ,68.11276245117188,36.13196563720703, 45.44785690307617, 64.14385223388672, 76.49166870117188, 86.14010620117188, 100.32112121582031,24.432728556640303,, , , , , ,68.11276245117188,36.13196563720703, 45.44785690307617, 64.14385223388672, 76.49166870117188, 86.14010620117188, 100.32112121582031,24.432728556640303,, , , , , ,68.11276245117188,36.13196563720703, 45.44785690307617, 64.14385223388672, 76.49166870117188, 86.14010620117188, 100.32112121582031,24.432728556640303,, , , , , ,'imgYellow', 'imgYellow', 'imgYellow', 'imgYellow', 'imgYellow', 'imgYellow',1.0,1.0, 1.0, 1.0, 1.0, 1.0, 1.0,0.0,0.0,0.0, 0.0, 0.0, 0.0, 0.0, 0.0,0.0,0.0,0.0, 0.0, 0.0, 0.0, 0.0, 0.0,0.0,0.007501026666583736,0.007739959999526036, 0.007765360000121291, 0.007838759999685863, 0.006737059999977646, 0.007640359999641078, 0.0072846600005505024,, , , , , ,0.7261332670847574,0.7426655888557434, 0.6783204078674316, 0.7428379058837891, 0.8254826068878174, 0.6926813125610352, 0.6748118996620178,0.05737881048258535,0.15632716049382717,0.18425925925925926, 0.15185185185185185, 0.15833333333333333, 0.13333333333333333, 0.14907407407407408, 0.16111111111111112,-0.1728395061728395,-0.17777777777777778, -0.14351851851851852, -0.19722222222222222, -0.17314814814814813, -0.17037037037037037, -0.175,68.11276245117188,36.13196563720703, 45.44785690307617, 64.14385223388672, 76.49166870117188, 86.14010620117188, 100.32112121582031,24.432728556640303,, , , , , ,7.0, 20.0, 44.0, 61.0, 74.0, 92.0

extraInfo
نام,d
نام خانوادگی,d
کلاس,d
سن,d
چندمین بار است که در این تست شرکت می کنید,001
date,2021_Jan_12_1726
expName,آزمون استروپ استاندارد
psychopyVersion,2020.2.10
frameRate,59.87934312382163
