word,colour,congruent,corrAns,n,imgBlue.started_mean,imgBlue.started_raw,,,,,,imgBlue.started_std,imgBlue.stopped_raw,,,,,,imgGreen.started_mean,imgGreen.started_raw,,,,,,imgGreen.started_std,imgGreen.stopped_raw,,,,,,imgRed.started_mean,imgRed.started_raw,,,,,,imgRed.started_std,imgRed.stopped_raw,,,,,,imgYellow.started_mean,imgYellow.started_raw,,,,,,imgYellow.started_std,imgYellow.stopped_raw,,,,,,mouse.clicked_name_raw,,,,,,mouse.leftButton_mean,mouse.leftButton_raw,,,,,,mouse.leftButton_std,mouse.midButton_mean,mouse.midButton_raw,,,,,,mouse.midButton_std,mouse.rightButton_mean,mouse.rightButton_raw,,,,,,mouse.rightButton_std,mouse.started_mean,mouse.started_raw,,,,,,mouse.stopped_raw,,,,,,mouse.time_mean,mouse.time_raw,,,,,,mouse.time_std,mouse.x_raw,,,,,,mouse.y_raw,,,,,,targetTxt.started_mean,targetTxt.started_raw,,,,,,targetTxt.started_std,targetTxt.stopped_raw,,,,,,order,,,,,
قرمز,red,1,imgRed,6.0,128.42669677734375,94.84892272949219, 105.24874114990234, 123.57769775390625, 136.2415008544922, 148.1394805908203, 162.50381469726562,25.687009568164427,, , 123.57769850000022, , , ,128.42669677734375,94.84892272949219, 105.24874114990234, 123.57769775390625, 136.2415008544922, 148.1394805908203, 162.50381469726562,25.687009568164427,, , 123.57769850000022, , , ,128.42669677734375,94.84892272949219, 105.24874114990234, 123.57769775390625, 136.2415008544922, 148.1394805908203, 162.50381469726562,25.687009568164427,, , 123.57769850000022, , , ,128.42669677734375,94.84892272949219, 105.24874114990234, 123.57769775390625, 136.2415008544922, 148.1394805908203, 162.50381469726562,25.687009568164427,, , 123.57769850000022, , , ,'imgRed', 'imgRed', 'imgRed', 'imgRed', 'imgRed', 'imgRed',1.0,1.0, 1.0, 1.0, 1.0, 1.0, 1.0,0.0,0.0,0.0, 0.0, 0.0, 0.0, 0.0, 0.0,0.0,0.0,0.0, 0.0, 0.0, 0.0, 0.0, 0.0,0.0,0.004633379999935035,0.006191080000462534, 0.005295679999107961, 0.006536679999953776, 0.0034554799995021312, 0.004359479999948235, 0.001961880000635574,, , , , , ,0.8763799667358398,0.9084283113479614, 0.9737817049026489, 0.9591693878173828, 0.7231926918029785, 0.7733865976333618, 0.9203208088874817,0.10331801016545061,-0.19907407407407407, -0.23981481481481481, -0.19722222222222222, -0.2537037037037037, -0.20462962962962963, -0.25555555555555554,-0.1824074074074074, -0.1962962962962963, -0.18425925925925926, -0.15925925925925927, -0.1648148148148148, -0.175,128.42669677734375,94.84892272949219, 105.24874114990234, 123.57769775390625, 136.2415008544922, 148.1394805908203, 162.50381469726562,25.687009568164427,, , 123.57769850000022, , , ,8.0, 23.0, 46.0, 61.0, 77.0, 94.0
قرمز,blue,0,imgBlue,6.0,124.69730631510417,97.8651123046875, 104.51560974121094, 113.02887725830078, 127.62895202636719, 143.4071807861328, 161.73806762695312,24.470764992236635,, , , , , ,124.69730631510417,97.8651123046875, 104.51560974121094, 113.02887725830078, 127.62895202636719, 143.4071807861328, 161.73806762695312,24.470764992236635,, , , , , ,124.69730631510417,97.8651123046875, 104.51560974121094, 113.02887725830078, 127.62895202636719, 143.4071807861328, 161.73806762695312,24.470764992236635,, , , , , ,124.69730631510417,97.8651123046875, 104.51560974121094, 113.02887725830078, 127.62895202636719, 143.4071807861328, 161.73806762695312,24.470764992236635,, , , , , ,'imgBlue', 'imgBlue', 'imgBlue', 'imgBlue', 'imgBlue', 'imgBlue',1.0,1.0, 1.0, 1.0, 1.0, 1.0, 1.0,0.0,0.0,0.0, 0.0, 0.0, 0.0, 0.0, 0.0,0.0,0.0,0.0, 0.0, 0.0, 0.0, 0.0, 0.0,0.0,0.0071431033331161116,0.004552279999188613, 0.010202579999713635, 0.004144579999774578, 0.015126320000490523, 0.00516267999955744, 0.0036701799999718787,, , , , , ,0.7005386352539062,0.706506073474884, 0.7115938067436218, 0.6210700273513794, 0.783570408821106, 0.6412836909294128, 0.7392081022262573,0.06061986193005234,-0.07222222222222222, -0.09722222222222222, -0.0787037037037037, -0.11203703703703703, -0.1111111111111111, -0.10740740740740741,-0.1787037037037037, -0.18518518518518517, -0.18333333333333332, -0.16666666666666666, -0.18888888888888888, -0.16666666666666666,124.69730631510417,97.8651123046875, 104.51560974121094, 113.02887725830078, 127.62895202636719, 143.4071807861328, 161.73806762695312,24.470764992236635,, , , , , ,12.0, 22.0, 33.0, 50.0, 71.0, 93.0
قرمز,green,0,imgGreen,6.0,124.66405232747395,99.13125610351562, 109.31555938720703, 113.68207550048828, 134.12548828125, 141.07420349121094, 150.65576171875,20.211306351568204,, , , , , ,124.66405232747395,99.13125610351562, 109.31555938720703, 113.68207550048828, 134.12548828125, 141.07420349121094, 150.65576171875,20.211306351568204,, , , , , ,124.66405232747395,99.13125610351562, 109.31555938720703, 113.68207550048828, 134.12548828125, 141.07420349121094, 150.65576171875,20.211306351568204,, , , , , ,124.66405232747395,99.13125610351562, 109.31555938720703, 113.68207550048828, 134.12548828125, 141.07420349121094, 150.65576171875,20.211306351568204,, , , , , ,'imgGreen', 'imgGreen', 'imgGreen', 'imgGreen', 'imgGreen', 'imgGreen',1.0,1.0, 1.0, 1.0, 1.0, 1.0, 1.0,0.0,0.0,0.0, 0.0, 0.0, 0.0, 0.0, 0.0,0.0,0.0,0.0, 0.0, 0.0, 0.0, 0.0, 0.0,0.0,0.00533814666626616,0.0034501799991630833, 0.004151679999267799, 0.009759679999660875, 0.00018248000014864374, 0.0047205799992298125, 0.009764280000126746,, , , , , ,0.6718900998433431,0.5713644027709961, 0.6257544755935669, 0.6304848194122314, 0.5678067207336426, 0.5738314986228943, 1.0620982646942139,0.1932146784490587,0.07314814814814814, 0.032407407407407406, 0.05925925925925926, 0.04722222222222222, 0.03425925925925926, 0.04259259259259259,-0.19537037037037036, -0.17592592592592593, -0.1787037037037037, -0.18796296296296297, -0.20555555555555555, -0.18425925925925926,124.66405232747395,99.13125610351562, 109.31555938720703, 113.68207550048828, 134.12548828125, 141.07420349121094, 150.65576171875,20.211306351568204,, , , , , ,14.0, 28.0, 34.0, 58.0, 68.0, 80.0
قرمز,yellow,0,imgYellow,6.0,124.7769266764323,96.56507110595703, 107.0298843383789, 115.8949966430664, 131.64227294921875, 144.07362365722656, 153.45567321777344,22.053212847981882,, , , , , ,124.7769266764323,96.56507110595703, 107.0298843383789, 115.8949966430664, 131.64227294921875, 144.07362365722656, 153.45567321777344,22.053212847981882,, , , , , ,124.7769266764323,96.56507110595703, 107.0298843383789, 115.8949966430664, 131.64227294921875, 144.07362365722656, 153.45567321777344,22.053212847981882,, , , , , ,124.7769266764323,96.56507110595703, 107.0298843383789, 115.8949966430664, 131.64227294921875, 144.07362365722656, 153.45567321777344,22.053212847981882,, , , , , ,'imgYellow', 'imgYellow', 'imgYellow', 'imgYellow', 'imgYellow', 'imgYellow',1.0,1.0, 1.0, 1.0, 1.0, 1.0, 1.0,0.0,0.0,0.0, 0.0, 0.0, 0.0, 0.0, 0.0,0.0,0.0,0.0, 0.0, 0.0, 0.0, 0.0, 0.0,0.0,0.006346829999680874,0.0038180799992915126, 0.006868880000183708, 0.0048826799993548775, 0.011389979999876232, 0.004069479999998293, 0.007051879999380617,, , , , , ,0.7456016540527344,0.689532995223999, 0.7091420292854309, 0.6794729828834534, 0.797705888748169, 0.6892219185829163, 0.9085342884063721,0.09086976292904078,0.17777777777777778, 0.18333333333333332, 0.1648148148148148, 0.18333333333333332, 0.17777777777777778, 0.1712962962962963,-0.17685185185185184, -0.17222222222222222, -0.1787037037037037, -0.18981481481481483, -0.19444444444444445, -0.17314814814814813,124.7769266764323,96.56507110595703, 107.0298843383789, 115.8949966430664, 131.64227294921875, 144.07362365722656, 153.45567321777344,22.053212847981882,, , , , , ,10.0, 25.0, 37.0, 55.0, 72.0, 83.0
آبی,red,0,imgRed,6.0,124.30485026041667,92.41564178466797, 107.76332092285156, 121.5442123413086, 129.94268798828125, 142.42425537109375, 151.73898315429688,21.958572973694583,, , , , , ,124.30485026041667,92.41564178466797, 107.76332092285156, 121.5442123413086, 129.94268798828125, 142.42425537109375, 151.73898315429688,21.958572973694583,, , , , , ,124.30485026041667,92.41564178466797, 107.76332092285156, 121.5442123413086, 129.94268798828125, 142.42425537109375, 151.73898315429688,21.958572973694583,, , , , , ,124.30485026041667,92.41564178466797, 107.76332092285156, 121.5442123413086, 129.94268798828125, 142.42425537109375, 151.73898315429688,21.958572973694583,, , , , , ,'imgRed', 'imgRed', '--', 'imgRed', 'imgRed', 'imgRed',1.0,1.0, 1.0, , 1.0, 1.0, 1.0,0.0,0.0,0.0, 0.0, , 0.0, 0.0, 0.0,0.0,0.0,0.0, 0.0, , 0.0, 0.0, 0.0,0.0,0.004666396666683188,0.00489787999958935, 0.004601280000315455, 0.004697880000094301, 0.006504579999273119, 0.0038291800001388765, 0.003467580000688031,, , 2.00861617999999, , , ,0.9064211845397949,0.8066020011901855, 0.9741503000259399, , 0.8582770228385925, 0.9547613263130188, 0.9383155703544617,0.0696671812115522,-0.21481481481481482, -0.19814814814814816, '--', -0.20833333333333334, -0.17592592592592593, -0.2601851851851852,-0.1787037037037037, -0.1962962962962963, '--', -0.18518518518518517, -0.18333333333333332, -0.1398148148148148,124.30485026041667,92.41564178466797, 107.76332092285156, 121.5442123413086, 129.94268798828125, 142.42425537109375, 151.73898315429688,21.958572973694583,, , , , , ,5.0, 26.0, 45.0, 53.0, 70.0, 81.0
آبی,blue,1,imgBlue,6.0,125.86865234375,98.59833526611328, 101.78137969970703, 114.32872009277344, 135.50843811035156, 146.2733154296875, 158.72171020507812,24.680502788301546,, , , , , ,125.86865234375,98.59833526611328, 101.78137969970703, 114.32872009277344, 135.50843811035156, 146.2733154296875, 158.72171020507812,24.680502788301546,, , , , , ,125.86865234375,98.59833526611328, 101.78137969970703, 114.32872009277344, 135.50843811035156, 146.2733154296875, 158.72171020507812,24.680502788301546,, , , , , ,125.86865234375,98.59833526611328, 101.78137969970703, 114.32872009277344, 135.50843811035156, 146.2733154296875, 158.72171020507812,24.680502788301546,, , , , , ,'imgBlue', 'imgBlue', 'imgBlue', 'imgBlue', 'imgBlue', 'imgBlue',1.0,1.0, 1.0, 1.0, 1.0, 1.0, 1.0,0.0,0.0,0.0, 0.0, 0.0, 0.0, 0.0, 0.0,0.0,0.0,0.0, 0.0, 0.0, 0.0, 0.0, 0.0,0.0,0.005754113333144535,0.005476180000187014, 0.009034379999320663, 0.002433279999422666, 0.005377179999413784, 0.0061775799995302805, 0.006026080000992806,, , , , , ,0.7048521041870117,0.5088509917259216, 0.5973665118217468, 0.6675208806991577, 0.7075110077857971, 1.0571622848510742, 0.6907010078430176,0.1874529250744441,-0.08611111111111111, -0.06481481481481481, -0.10833333333333334, -0.04259259259259259, -0.07222222222222222, -0.07222222222222222,-0.17314814814814813, -0.19907407407407407, -0.15833333333333333, -0.19166666666666668, -0.19166666666666668, -0.17407407407407408,125.86865234375,98.59833526611328, 101.78137969970703, 114.32872009277344, 135.50843811035156, 146.2733154296875, 158.72171020507812,24.680502788301546,, , , , , ,13.0, 18.0, 35.0, 60.0, 75.0, 89.0
آبی,green,0,imgGreen,6.0,126.66294352213542,99.73128509521484, 103.23124694824219, 117.29478454589844, 133.49252319335938, 145.73997497558594, 160.48785400390625,24.15293725086337,, , , , , ,126.66294352213542,99.73128509521484, 103.23124694824219, 117.29478454589844, 133.49252319335938, 145.73997497558594, 160.48785400390625,24.15293725086337,, , , , , ,126.66294352213542,99.73128509521484, 103.23124694824219, 117.29478454589844, 133.49252319335938, 145.73997497558594, 160.48785400390625,24.15293725086337,, , , , , ,126.66294352213542,99.73128509521484, 103.23124694824219, 117.29478454589844, 133.49252319335938, 145.73997497558594, 160.48785400390625,24.15293725086337,, , , , , ,'imgGreen', 'imgGreen', 'imgGreen', 'imgGreen', 'imgGreen', 'imgGreen',1.0,1.0, 1.0, 1.0, 1.0, 1.0, 1.0,0.0,0.0,0.0, 0.0, 0.0, 0.0, 0.0, 0.0,0.0,0.0,0.0, 0.0, 0.0, 0.0, 0.0, 0.0,0.0,0.005197180000019823,0.005042779999712366, 0.0020099799994568457, 0.006858380000267061, 0.006135080000603921, 0.0030064800002946868, 0.008130379999784054,, , , , , ,0.5500195821126302,0.4582470953464508, 0.537525475025177, 0.6449447274208069, 0.6096857786178589, 0.5056353211402893, 0.5440793037414551,0.06805053972677697,0.058333333333333334, 0.04351851851851852, 0.03518518518518519, 0.032407407407407406, 0.02962962962962963, 0.027777777777777776,-0.18425925925925926, -0.19444444444444445, -0.14444444444444443, -0.18981481481481483, -0.19722222222222222, -0.2101851851851852,126.66294352213542,99.73128509521484, 103.23124694824219, 117.29478454589844, 133.49252319335938, 145.73997497558594, 160.48785400390625,24.15293725086337,, , , , , ,15.0, 20.0, 39.0, 57.0, 74.0, 91.0
آبی,yellow,0,imgYellow,6.0,123.56363932291667,87.88360595703125, 102.3974609375, 112.14768981933594, 134.7251434326172, 144.7903289794922, 159.43753051757812,27.25246186573287,, , , , , ,123.56363932291667,87.88360595703125, 102.3974609375, 112.14768981933594, 134.7251434326172, 144.7903289794922, 159.43753051757812,27.25246186573287,, , , , , ,123.56363932291667,87.88360595703125, 102.3974609375, 112.14768981933594, 134.7251434326172, 144.7903289794922, 159.43753051757812,27.25246186573287,, , , , , ,123.56363932291667,87.88360595703125, 102.3974609375, 112.14768981933594, 134.7251434326172, 144.7903289794922, 159.43753051757812,27.25246186573287,, , , , , ,'imgYellow', 'imgYellow', 'imgYellow', 'imgYellow', 'imgYellow', 'imgYellow',1.0,1.0, 1.0, 1.0, 1.0, 1.0, 1.0,0.0,0.0,0.0, 0.0, 0.0, 0.0, 0.0, 0.0,0.0,0.0,0.0, 0.0, 0.0, 0.0, 0.0, 0.0,0.0,0.005711136666832317,0.011478420000457845, 0.0019223799999963376, 0.005843180000738357, 0.0037102799988133484, 0.006028880000485515, 0.0052836800005025,, , , , , ,0.897345225016276,1.0139676332473755, 0.8071538805961609, 0.8604360818862915, 0.755176305770874, 0.9248515963554382, 1.0224857330322266,0.10929437164526123,0.24259259259259258, 0.20277777777777778, 0.22037037037037038, 0.17685185185185184, 0.17685185185185184, 0.1935185185185185,-0.16944444444444445, -0.18055555555555555, -0.19907407407407407, -0.1814814814814815, -0.18796296296296297, -0.19814814814814816,123.56363932291667,87.88360595703125, 102.3974609375, 112.14768981933594, 134.7251434326172, 144.7903289794922, 159.43753051757812,27.25246186573287,, , , , , ,0.0, 19.0, 32.0, 59.0, 73.0, 90.0
سبز,red,0,imgRed,6.0,127.34059651692708,91.49972534179688, 111.26274871826172, 119.19446563720703, 136.9915771484375, 148.94017028808594, 156.1549072265625,24.492334313641027,, , , , , ,127.34059651692708,91.49972534179688, 111.26274871826172, 119.19446563720703, 136.9915771484375, 148.94017028808594, 156.1549072265625,24.492334313641027,, , , , , ,127.34059651692708,91.49972534179688, 111.26274871826172, 119.19446563720703, 136.9915771484375, 148.94017028808594, 156.1549072265625,24.492334313641027,, , , , , ,127.34059651692708,91.49972534179688, 111.26274871826172, 119.19446563720703, 136.9915771484375, 148.94017028808594, 156.1549072265625,24.492334313641027,, , , , , ,'imgRed', 'imgRed', 'imgRed', 'imgRed', 'imgRed', 'imgYellow',1.0,1.0, 1.0, 1.0, 1.0, 1.0, 1.0,0.0,0.0,0.0, 0.0, 0.0, 0.0, 0.0, 0.0,0.0,0.0,0.0, 0.0, 0.0, 0.0, 0.0, 0.0,0.0,0.007935246666268844,0.005481279999912658, 0.0014629799998147064, 0.012480879999202443, 0.007690280000133498, 0.013680979999662668, 0.006815079998887086,, , , , , ,0.9009460608164469,0.8914775252342224, 0.8506731986999512, 0.9478002190589905, 0.7754696011543274, 0.6995255947113037, 1.2407301664352417,0.18792557596165044,-0.25092592592592594, -0.2351851851851852, -0.27314814814814814, -0.23425925925925925, -0.20833333333333334, 0.1814814814814815,-0.16203703703703703, -0.17962962962962964, -0.20277777777777778, -0.2, -0.18425925925925926, -0.21296296296296297,127.34059651692708,91.49972534179688, 111.26274871826172, 119.19446563720703, 136.9915771484375, 148.94017028808594, 156.1549072265625,24.492334313641027,, , , , , ,4.0, 31.0, 42.0, 62.0, 78.0, 86.0
سبز,blue,0,imgBlue,6.0,125.36063639322917,88.91632080078125, 108.76305389404297, 116.59512329101562, 132.4757537841797, 147.356689453125, 158.05691528320312,25.628109578023995,, , , , , ,125.36063639322917,88.91632080078125, 108.76305389404297, 116.59512329101562, 132.4757537841797, 147.356689453125, 158.05691528320312,25.628109578023995,, , , , , ,125.36063639322917,88.91632080078125, 108.76305389404297, 116.59512329101562, 132.4757537841797, 147.356689453125, 158.05691528320312,25.628109578023995,, , , , , ,125.36063639322917,88.91632080078125, 108.76305389404297, 116.59512329101562, 132.4757537841797, 147.356689453125, 158.05691528320312,25.628109578023995,, , , , , ,'imgBlue', 'imgBlue', 'imgBlue', 'imgBlue', 'imgBlue', 'imgBlue',1.0,1.0, 1.0, 1.0, 1.0, 1.0, 1.0,0.0,0.0,0.0, 0.0, 0.0, 0.0, 0.0, 0.0,0.0,0.0,0.0, 0.0, 0.0, 0.0, 0.0, 0.0,0.0,0.007288429999637931,0.006176980000418553, 0.006809679999605578, 0.0033484799996585934, 0.005033979999097937, 0.008075079998889123, 0.014286380000157806,, , , , , ,0.7279351552327474,0.7918446063995361, 0.5252627730369568, 0.6686438918113708, 0.9898883104324341, 0.7600098848342896, 0.6319615840911865,0.15970919605783962,-0.1388888888888889, -0.08981481481481482, -0.11666666666666667, -0.0787037037037037, -0.07777777777777778, -0.10925925925925926,-0.19907407407407407, -0.17962962962962964, -0.1685185185185185, -0.20185185185185187, -0.17777777777777778, -0.1712962962962963,125.36063639322917,88.91632080078125, 108.76305389404297, 116.59512329101562, 132.4757537841797, 147.356689453125, 158.05691528320312,25.628109578023995,, , , , , ,1.0, 27.0, 38.0, 56.0, 76.0, 88.0
سبز,green,1,imgGreen,6.0,122.13857014973958,89.73326110839844, 103.79717254638672, 120.17774963378906, 126.0100326538086, 140.40750122070312, 152.7056884765625,23.123349776392256,, , , , , ,122.13857014973958,89.73326110839844, 103.79717254638672, 120.17774963378906, 126.0100326538086, 140.40750122070312, 152.7056884765625,23.123349776392256,, , , , , ,122.13857014973958,89.73326110839844, 103.79717254638672, 120.17774963378906, 126.0100326538086, 140.40750122070312, 152.7056884765625,23.123349776392256,, , , , , ,122.13857014973958,89.73326110839844, 103.79717254638672, 120.17774963378906, 126.0100326538086, 140.40750122070312, 152.7056884765625,23.123349776392256,, , , , , ,'imgGreen', 'imgGreen', 'imgGreen', 'imgGreen', 'imgGreen', 'imgGreen',1.0,1.0, 1.0, 1.0, 1.0, 1.0, 1.0,0.0,0.0,0.0, 0.0, 0.0, 0.0, 0.0, 0.0,0.0,0.0,0.0, 0.0, 0.0, 0.0, 0.0, 0.0,0.0,0.006120630000168603,0.0032574800006841542, 0.005465879999974277, 0.005693979999705334, 0.00516258000061498, 0.012454779999643506, 0.004689080000389367,, , , , , ,0.6804251670837402,0.5554335117340088, 0.6902359127998352, 0.7235965728759766, 0.7575567960739136, 0.6315625905990601, 0.7241652011871338,0.07460960403515737,0.05462962962962963, 0.044444444444444446, 0.07222222222222222, 0.044444444444444446, 0.06481481481481481, 0.005555555555555556,-0.26481481481481484, -0.18981481481481483, -0.1824074074074074, -0.1824074074074074, -0.20277777777777778, -0.1675925925925926,122.13857014973958,89.73326110839844, 103.79717254638672, 120.17774963378906, 126.0100326538086, 140.40750122070312, 152.7056884765625,23.123349776392256,, , , , , ,2.0, 21.0, 43.0, 48.0, 67.0, 82.0
سبز,yellow,0,imgYellow,6.0,124.51316324869792,94.01577758789062, 109.96276092529297, 120.92803955078125, 128.44297790527344, 138.49118041992188, 155.23828125,21.49194795877903,, , , , , ,124.51316324869792,94.01577758789062, 109.96276092529297, 120.92803955078125, 128.44297790527344, 138.49118041992188, 155.23828125,21.49194795877903,, , , , , ,124.51316324869792,94.01577758789062, 109.96276092529297, 120.92803955078125, 128.44297790527344, 138.49118041992188, 155.23828125,21.49194795877903,, , , , , ,124.51316324869792,94.01577758789062, 109.96276092529297, 120.92803955078125, 128.44297790527344, 138.49118041992188, 155.23828125,21.49194795877903,, , , , , ,'imgYellow', 'imgYellow', 'imgYellow', 'imgYellow', 'imgYellow', 'imgYellow',1.0,1.0, 1.0, 1.0, 1.0, 1.0, 1.0,0.0,0.0,0.0, 0.0, 0.0, 0.0, 0.0, 0.0,0.0,0.0,0.0, 0.0, 0.0, 0.0, 0.0, 0.0,0.0,0.005843046666389758,0.005789179999737826, 0.005352880000828009, 0.007734479999271571, 0.0065842799995152745, 0.003908079998836911, 0.005689380000148958,, , , , , ,0.7495904763539633,0.8079065084457397, 0.7211524844169617, 0.5940176844596863, 0.7920374274253845, 0.6912083029747009, 0.8912202715873718,0.10361620846539521,0.1675925925925926, 0.18981481481481483, 0.18981481481481483, 0.20555555555555555, 0.18796296296296297, 0.1712962962962963,-0.2074074074074074, -0.2101851851851852, -0.1675925925925926, -0.2111111111111111, -0.18796296296296297, -0.21388888888888888,124.51316324869792,94.01577758789062, 109.96276092529297, 120.92803955078125, 128.44297790527344, 138.49118041992188, 155.23828125,21.49194795877903,, , , , , ,7.0, 29.0, 44.0, 51.0, 64.0, 85.0
زرد,red,0,imgRed,6.0,127.11273193359375,93.24935150146484, 100.9309310913086, 124.56047821044922, 130.82577514648438, 149.65628051757812, 163.45358276367188,27.134424410393255,, , , , , ,127.11273193359375,93.24935150146484, 100.9309310913086, 124.56047821044922, 130.82577514648438, 149.65628051757812, 163.45358276367188,27.134424410393255,, , , , , ,127.11273193359375,93.24935150146484, 100.9309310913086, 124.56047821044922, 130.82577514648438, 149.65628051757812, 163.45358276367188,27.134424410393255,, , , , , ,127.11273193359375,93.24935150146484, 100.9309310913086, 124.56047821044922, 130.82577514648438, 149.65628051757812, 163.45358276367188,27.134424410393255,, , , , , ,'imgRed', 'imgRed', 'imgRed', 'imgRed', 'imgRed', 'imgRed',1.0,1.0, 1.0, 1.0, 1.0, 1.0, 1.0,0.0,0.0,0.0, 0.0, 0.0, 0.0, 0.0, 0.0,0.0,0.0,0.0, 0.0, 0.0, 0.0, 0.0, 0.0,0.0,0.005197196666510233,0.003158380000058969, 0.007096880000062811, 0.004431479999766452, 0.00433167999926809, 0.0031659800006309524, 0.00899877999927412,, , , , , ,0.956550677617391,0.7388957142829895, 0.8237712979316711, 1.4232844114303589, 0.8060647249221802, 0.9706037044525146, 0.9766842126846313,0.24742404643402635,-0.22037037037037038, -0.20925925925925926, -0.2037037037037037, -0.22592592592592592, -0.20925925925925926, -0.25277777777777777,-0.17222222222222222, -0.18888888888888888, -0.18796296296296297, -0.19907407407407407, -0.20277777777777778, -0.20185185185185187,127.11273193359375,93.24935150146484, 100.9309310913086, 124.56047821044922, 130.82577514648438, 149.65628051757812, 163.45358276367188,27.134424410393255,, , , , , ,6.0, 17.0, 47.0, 54.0, 79.0, 95.0
زرد,blue,0,imgBlue,6.0,122.71083577473958,90.8826904296875, 100.21459197998047, 115.029052734375, 129.25941467285156, 139.82525634765625, 161.0540313720703,26.01580111165083,, , , , , ,122.71083577473958,90.8826904296875, 100.21459197998047, 115.029052734375, 129.25941467285156, 139.82525634765625, 161.0540313720703,26.01580111165083,, , , , , ,122.71083577473958,90.8826904296875, 100.21459197998047, 115.029052734375, 129.25941467285156, 139.82525634765625, 161.0540313720703,26.01580111165083,, , , , , ,122.71083577473958,90.8826904296875, 100.21459197998047, 115.029052734375, 129.25941467285156, 139.82525634765625, 161.0540313720703,26.01580111165083,, , , , , ,'imgBlue', 'imgBlue', 'imgBlue', 'imgBlue', 'imgBlue', 'imgBlue',1.0,1.0, 1.0, 1.0, 1.0, 1.0, 1.0,0.0,0.0,0.0, 0.0, 0.0, 0.0, 0.0, 0.0,0.0,0.0,0.0, 0.0, 0.0, 0.0, 0.0, 0.0,0.0,0.006802479999805655,0.006755179999345273, 0.004826879999200173, 0.0072894800005087745, 0.006151579999823298, 0.008922379999603436, 0.006869380000352976,, , , , , ,0.6701270739237467,0.5921356081962585, 0.691748321056366, 0.8423174023628235, 0.6584789752960205, 0.5758807063102722, 0.6602010726928711,0.09520109009067032,-0.07407407407407407, -0.0787037037037037, -0.08055555555555556, -0.11574074074074074, -0.08981481481481482, -0.13425925925925927,-0.17037037037037037, -0.18981481481481483, -0.2, -0.19166666666666668, -0.18796296296296297, -0.17592592592592593,122.71083577473958,90.8826904296875, 100.21459197998047, 115.029052734375, 129.25941467285156, 139.82525634765625, 161.0540313720703,26.01580111165083,, , , , , ,3.0, 16.0, 36.0, 52.0, 66.0, 92.0
زرد,green,0,imgGreen,6.0,126.8436279296875,97.28201293945312, 110.71472930908203, 118.6445541381836, 137.7913360595703, 139.20794677734375, 157.4212188720703,21.94982015546572,, , , , , ,126.8436279296875,97.28201293945312, 110.71472930908203, 118.6445541381836, 137.7913360595703, 139.20794677734375, 157.4212188720703,21.94982015546572,, , , , , ,126.8436279296875,97.28201293945312, 110.71472930908203, 118.6445541381836, 137.7913360595703, 139.20794677734375, 157.4212188720703,21.94982015546572,, , , , , ,126.8436279296875,97.28201293945312, 110.71472930908203, 118.6445541381836, 137.7913360595703, 139.20794677734375, 157.4212188720703,21.94982015546572,, , , , , ,'imgGreen', 'imgGreen', 'imgGreen', 'imgGreen', 'imgGreen', 'imgGreen',1.0,1.0, 1.0, 1.0, 1.0, 1.0, 1.0,0.0,0.0,0.0, 0.0, 0.0, 0.0, 0.0, 0.0,0.0,0.0,0.0, 0.0, 0.0, 0.0, 0.0, 0.0,0.0,0.004925463333468845,0.0017348800001855125, 0.005702280000150495, 0.0036256800003684475, 0.00816028000008373, 0.0028863799998362083, 0.007443280000188679,, , , , , ,0.5853592157363892,0.5532968044281006, 0.525911808013916, 0.5383461117744446, 0.678427517414093, 0.5891172885894775, 0.627055823802948,0.05862877017464697,0.07037037037037037, 0.07222222222222222, 0.07592592592592592, 0.024074074074074074, 0.04722222222222222, 0.08055555555555556,-0.17407407407407408, -0.21851851851851853, -0.20277777777777778, -0.20185185185185187, -0.2037037037037037, -0.19907407407407407,126.8436279296875,97.28201293945312, 110.71472930908203, 118.6445541381836, 137.7913360595703, 139.20794677734375, 157.4212188720703,21.94982015546572,, , , , , ,11.0, 30.0, 41.0, 63.0, 65.0, 87.0
زرد,yellow,1,imgYellow,6.0,123.80533854166667,95.78302001953125, 106.24853515625, 117.96150207519531, 126.7933349609375, 141.6739959716797, 154.37164306640625,21.86393431369982,, , , , , ,123.80533854166667,95.78302001953125, 106.24853515625, 117.96150207519531, 126.7933349609375, 141.6739959716797, 154.37164306640625,21.86393431369982,, , , , , ,123.80533854166667,95.78302001953125, 106.24853515625, 117.96150207519531, 126.7933349609375, 141.6739959716797, 154.37164306640625,21.86393431369982,, , , , , ,123.80533854166667,95.78302001953125, 106.24853515625, 117.96150207519531, 126.7933349609375, 141.6739959716797, 154.37164306640625,21.86393431369982,, , , , , ,'imgYellow', 'imgYellow', 'imgYellow', 'imgYellow', 'imgYellow', 'imgYellow',1.0,1.0, 1.0, 1.0, 1.0, 1.0, 1.0,0.0,0.0,0.0, 0.0, 0.0, 0.0, 0.0, 0.0,0.0,0.0,0.0, 0.0, 0.0, 0.0, 0.0, 0.0,0.0,0.007108996666374878,0.011628579999523936, 0.005817179999212385, 0.005531879999580269, 0.004131879999476951, 0.00406048000058945, 0.011483979999866278,, , , , , ,0.7567151387532552,0.7631554007530212, 0.7601962089538574, 0.6555014848709106, 0.8067644238471985, 0.725469708442688, 0.8292034268379211,0.06169855479625926,0.17685185185185184, 0.2111111111111111, 0.18425925925925926, 0.18703703703703703, 0.1824074074074074, 0.17037037037037037,-0.18333333333333332, -0.1787037037037037, -0.1712962962962963, -0.2037037037037037, -0.18611111111111112, -0.19537037037037036,123.80533854166667,95.78302001953125, 106.24853515625, 117.96150207519531, 126.7933349609375, 141.6739959716797, 154.37164306640625,21.86393431369982,, , , , , ,9.0, 24.0, 40.0, 49.0, 69.0, 84.0

extraInfo
نام,f
نام خانوادگی,f
کلاس,f
سن,f
چندمین بار است که در این تست شرکت می کنید,001
date,2021_Jan_12_1731
expName,آزمون استروپ استاندارد
psychopyVersion,2020.2.10
frameRate,60.025991254386376
